Artist Name(s),Track Name,Album Name,predicted_score,prediction_lower,prediction_upper,prediction_uncertainty
CATHEDRALE,The Setting Sun,Poison,99.06419754028312,99.99999999999989,100.00000000000009,1.9895196601282805e-13
CATHEDRALE,Healing,Poison,99.06419754028312,99.99999999999989,100.00000000000009,1.9895196601282805e-13
CATHEDRALE,South Life,Poison,98.88607788085929,99.99999999999987,100.00000000000009,2.1316282072803006e-13
CATHEDRALE,Cravings,Poison,98.87208557128898,99.99999999999987,100.00000000000009,2.1316282072803006e-13
CATHEDRALE,Enchantress,Poison,96.1785125732421,99.9999999999999,100.00000000000009,1.8474111129762605e-13
CATHEDRALE,Polonium,Poison,96.1785125732421,99.9999999999999,100.00000000000009,1.8474111129762605e-13
CATHEDRALE,Radium,Poison,96.1785125732421,99.9999999999999,100.00000000000009,1.8474111129762605e-13
CATHEDRALE,Where The Fire Is,Poison,96.1785125732421,99.9999999999999,100.00000000000009,1.8474111129762605e-13
CATHEDRALE,New Light,Poison,96.07272720336906,99.9999999999999,100.00000000000009,1.8474111129762605e-13
CATHEDRALE,Horsemen,Poison,96.07272720336906,99.9999999999999,100.00000000000009,1.8474111129762605e-13
CATHEDRALE,Wave Goodbye,Poison,96.07272720336906,99.9999999999999,100.00000000000009,1.8474111129762605e-13
CATHEDRALE,The Two Worlds,Poison,96.07272720336906,99.9999999999999,100.00000000000009,1.8474111129762605e-13
The Delines,Her Ponyboy,Mr. Luck & Ms. Doom,91.5105614747056,69.07711238720262,100.00000000000003,30.92288761279741
The Delines,Left Hook Like Frazier,Mr. Luck & Ms. Doom,91.5105614747056,69.07711238720262,100.00000000000003,30.92288761279741
The Delines,Mr. Luck & Ms. Doom,Mr. Luck & Ms. Doom,91.5105614747056,69.07711238720262,100.00000000000003,30.92288761279741
The Delines,Maureen's Gone Missing,Mr. Luck & Ms. Doom,91.42004484677278,66.16037735849056,100.00000000000003,33.839622641509465
The Delines,Sitting On The Curb,Mr. Luck & Ms. Doom,91.1512777917629,69.07711238720262,100.00000000000003,30.92288761279741
The Delines,JP & Me,Mr. Luck & Ms. Doom,90.26992616775327,74.82938578883983,100.00000000000003,25.1706142111602
The Delines,Don't Go Into That House,Mr. Luck & Ms. Doom,90.26992616775327,74.82938578883983,100.00000000000003,25.1706142111602
The Delines,Nancy & The Pensacola Pimp,Mr. Luck & Ms. Doom,90.26056481971915,74.82938578883983,100.00000000000003,25.1706142111602
The Delines,The Haunting Thoughts,Mr. Luck & Ms. Doom,90.26056481971915,74.82938578883983,100.00000000000003,25.1706142111602
The Delines,There's Nothing Down The Highway,Mr. Luck & Ms. Doom,90.17309078776928,72.35849056603774,100.00000000000003,27.641509433962284
The Delines,Don't Miss Your Bus Lorraine,Mr. Luck & Ms. Doom,90.17309078776928,72.35849056603774,100.00000000000003,27.641509433962284
Morgan Saint,Out Of The Blue,Out Of The Blue,89.5501395040364,50.0,100.00000000000003,50.00000000000003
Morgan Saint,It Hurts To Be Human,Out Of The Blue,88.81542608029122,50.0,100.00000000000003,50.00000000000003
Morgan Saint,Slipping Away,Out Of The Blue,88.81542608029122,50.0,100.00000000000003,50.00000000000003
Morgan Saint,15 Forever,Out Of The Blue,88.81542608029122,50.0,100.00000000000003,50.00000000000003
Morgan Saint,Deep,Out Of The Blue,88.81542608029122,50.0,100.00000000000003,50.00000000000003
Morgan Saint,Visions Of You,Out Of The Blue,88.81542608029122,50.0,100.00000000000003,50.00000000000003
Morgan Saint,Kiss,Out Of The Blue,88.72490945235839,50.0,100.00000000000003,50.00000000000003
Morgan Saint,Blazing,Out Of The Blue,88.60146267151686,50.0,100.00000000000003,50.00000000000003
Morgan Saint,End Of Time,Out Of The Blue,88.26345465031294,50.0,100.00000000000003,50.00000000000003
The Lumineers,Keys on the Table,Automatic,83.58969891190003,50.0,100.0,50.0
The Lumineers,Better Day,Automatic,83.58969891190003,50.0,100.0,50.0
The Lumineers,So Long,Automatic,83.54924553437353,50.0,100.0,50.0
The Lumineers,Plasticine,Automatic,82.85782114221595,50.223880597014926,100.0,49.776119402985074
The Lumineers,Ativan,Automatic,82.85782114221595,50.223880597014926,100.0,49.776119402985074
The Lumineers,Same Old Song,Automatic,82.82558921259987,50.0,100.0,50.0
The Lumineers,Strings,Automatic,82.82558921259987,50.0,100.0,50.0
The Lumineers,Automatic,Automatic,82.82558921259987,50.0,100.0,50.0
The Lumineers,You're All I Got,Automatic,82.82558921259987,50.0,100.0,50.0
The Lumineers,Asshole,Automatic,82.6749906128585,50.0,100.0,50.0
The Wombats,"Sorry I'm Late, I Didn't Want To Come",Oh! The Ocean,77.80170600323027,53.38298995340706,99.17619047619048,45.79320052278342
The Wombats,Can't Say No,Oh! The Ocean,77.80170600323027,53.38298995340706,99.17619047619048,45.79320052278342
The Wombats,Kate Moss,Oh! The Ocean,77.80170600323027,53.38298995340706,99.17619047619048,45.79320052278342
Saint Motel,Get It At Home,Saint Motel & the Symphony in the Sky,77.64751822943293,7.500000000000002,100.0,92.5
The Wombats,I Love America And She Hates Me,Oh! The Ocean,76.58340554108682,52.58054093972118,99.17619047619048,46.5956495364693
Horsegirl,I Can't Stand To See You,Phonetics On and On,75.79273290065458,49.63539454684446,70.17399267399264,20.538598127148184
Horsegirl,Sport Meets Sound,Phonetics On and On,75.79273290065458,49.63539454684446,70.17399267399264,20.538598127148184
The Wombats,Gut-Punch,Oh! The Ocean,75.66995096679787,53.38298995340706,98.37719298245614,44.994203029049075
The Wombats,Blood On The Hospital Floor,Oh! The Ocean,75.66995096679787,53.38298995340706,98.37719298245614,44.994203029049075
Horsegirl,Rock City,Phonetics On and On,75.12801272693176,50.87975098296197,73.41950959488273,22.539758611920753
Horsegirl,Where'd You Go?,Phonetics On and On,75.12801272693176,50.87975098296197,73.41950959488273,22.539758611920753
Horsegirl,In Twos,Phonetics On and On,75.10586885653225,50.87975098296197,73.79136924075276,22.911618257790785
Horsegirl,Well I Know You're Shy,Phonetics On and On,74.97773739170617,50.04824468647561,73.17034015966675,23.122095473191138
Horsegirl,2468,Phonetics On and On,74.97773739170617,50.04824468647561,73.17034015966675,23.122095473191138
Oracle Sisters,Marseille,Divinations,74.95576476990173,53.12584036181394,68.1309412861137,15.005100924299754
Father John Misty,I Loved You Honeybee,"I Love You, Honeybear Demos, etc.",74.85363971840977,52.74074074074073,87.70471464019842,34.963973899457685
The Altons,"I Try, I Try",Heartache in Room 14,74.38299692709397,53.490788609503774,65.65380835380834,12.16301974430457
The Altons,Waiting,Heartache in Room 14,74.38299692709397,53.490788609503774,65.65380835380834,12.16301974430457
Horsegirl,Julie,Phonetics On and On,74.35313037694802,49.63539454684446,71.81460151144533,22.179206964600873
Horsegirl,Information Content,Phonetics On and On,74.35313037694802,49.63539454684446,71.81460151144533,22.179206964600873
Horsegirl,Switch Over,Phonetics On and On,74.35313037694802,49.63539454684446,71.81460151144533,22.179206964600873
Horsegirl,Frontrunner,Phonetics On and On,74.35313037694802,49.63539454684446,71.81460151144533,22.179206964600873
The Altons,Tangled Up in You,Heartache in Room 14,74.17829933937844,53.270174362568966,65.65380835380834,12.383633991239378
The Altons,Perdóname,Heartache in Room 14,74.17829933937844,53.270174362568966,65.65380835380834,12.383633991239378
The Altons,Float,Heartache in Room 14,74.17829933937844,53.270174362568966,65.65380835380834,12.383633991239378
The Altons,Where Did She Go?,Heartache in Room 14,74.17829933937844,53.270174362568966,65.65380835380834,12.383633991239378
The Wombats,Swerve (101),Oh! The Ocean,73.14843810462288,53.38298995340706,96.9078947368421,43.52490478343503
The Wombats,Reality Is A Wild Ride,Oh! The Ocean,73.14843810462288,53.38298995340706,96.9078947368421,43.52490478343503
The Altons,Del Cielo Te Cuido,Heartache in Room 14,73.07580223854836,53.270174362568966,65.65380835380834,12.383633991239378
The Altons,Your Light,Heartache in Room 14,73.07580223854836,53.270174362568966,65.65380835380834,12.383633991239378
The Altons,Show You Love,Heartache in Room 14,73.07580223854836,53.270174362568966,65.65380835380834,12.383633991239378
Oracle Sisters,Riverside,Divinations,72.99937396224281,53.55226099912777,66.25630596448624,12.704044965358477
Mereba,Sanctuary,The Breeze Grew a Fire,72.54602093289719,52.82524991629592,66.25630596448624,13.431056048190328
The Wombats,Lobster,Oh! The Ocean,72.50457164580641,53.786870795012604,69.81993549928332,16.033064704270714
Saint Motel,Everyone’s A Guru Now,Saint Motel & the Symphony in the Sky,72.43306774886443,9.833333333333336,86.73697270471463,76.9036393713813
Saint Motel,Pick Me Up,Saint Motel & the Symphony in the Sky,72.43306774886443,9.833333333333336,86.73697270471463,76.9036393713813
Saint Motel,Stay Golden,Saint Motel & the Symphony in the Sky,72.2209225663049,7.500000000000002,86.73697270471463,79.23697270471463
Saint Motel,A Bluer Blue,Saint Motel & the Symphony in the Sky,72.2209225663049,7.500000000000002,86.73697270471463,79.23697270471463
Saint Motel,Steady Hand,Saint Motel & the Symphony in the Sky,72.06605882533728,7.500000000000002,83.54283927454651,76.04283927454651
Saint Motel,Slowly Spilling Out,Saint Motel & the Symphony in the Sky,72.06605882533728,7.500000000000002,83.54283927454651,76.04283927454651
Saint Motel,Low Earth Orbit,Saint Motel & the Symphony in the Sky,72.06605882533728,7.500000000000002,83.54283927454651,76.04283927454651
The Wombats,Grim Reaper,Oh! The Ocean,72.0102134101048,53.786870795012604,98.37719298245614,44.59032218744353
The Wombats,"The World's Not Out To Get Me, I Am",Oh! The Ocean,72.0102134101048,53.786870795012604,98.37719298245614,44.59032218744353
The Wombats,My Head Is Not My Friend,Oh! The Ocean,72.0102134101048,53.786870795012604,98.37719298245614,44.59032218744353
Mereba,Spirit Guiding,The Breeze Grew a Fire,71.59732198222899,52.82524991629592,66.7672384301705,13.941988513874577
Mereba,Wild Sky,The Breeze Grew a Fire,71.59732198222899,52.82524991629592,66.7672384301705,13.941988513874577
Father John Misty,Nobody's Nixon,"I Love You, Honeybear Demos, etc.",71.39745082661098,54.26642642049658,74.75274725274724,20.486320832250662
Father John Misty,Bored In The USA,"I Love You, Honeybear Demos, etc.",71.39745082661098,54.26642642049658,74.75274725274724,20.486320832250662
Mallrat,"My Darling, My Angel",Light hit my face like a straight right,71.39307446072922,52.82524991629592,66.25630596448624,13.431056048190328
Saint Motel,Life's A Gas,Saint Motel & the Symphony in the Sky,71.14147423686538,9.833333333333336,87.76923076923073,77.9358974358974
Saint Motel,Take It Slow,Saint Motel & the Symphony in the Sky,71.14147423686538,9.833333333333336,87.76923076923073,77.9358974358974
Saint Motel,Hold My Place in Heaven,Saint Motel & the Symphony in the Sky,71.14147423686538,9.833333333333336,87.76923076923073,77.9358974358974
Saint Motel,Fine Wine,Saint Motel & the Symphony in the Sky,71.14147423686538,9.833333333333336,87.76923076923073,77.9358974358974
Mallrat,Virtue,Light hit my face like a straight right,70.94635525942064,53.270174362568966,66.25630596448624,12.986131601917279
Mallrat,Pavement,Light hit my face like a straight right,70.94635525942064,53.270174362568966,66.25630596448624,12.986131601917279
Mallrat,Something for Somebody,Light hit my face like a straight right,70.94635525942064,53.270174362568966,66.25630596448624,12.986131601917279
Mereba,Heart of a Child,The Breeze Grew a Fire,70.82949362557214,52.19761011498728,67.32327952421406,15.12566940922678
"Mallrat,Kito",Hocus Pocus,Light hit my face like a straight right,70.52110963681211,52.62318840579708,66.25630596448624,13.633117558689165
Father John Misty,Went To The Store,"I Love You, Honeybear Demos, etc.",70.09917146734742,53.6249467771518,73.97531572904705,20.350368951895256
Oracle Sisters,Velveteen,Divinations,69.89794208393226,53.490788609503774,66.25630596448624,12.765517354982471
Oracle Sisters,Alouette,Divinations,69.89794208393226,53.490788609503774,66.25630596448624,12.765517354982471
Oracle Sisters,Blue Left Hand,Divinations,69.80610732781156,53.490788609503774,66.25630596448624,12.765517354982471
Oracle Sisters,Shotguns,Divinations,69.80610732781156,53.490788609503774,66.25630596448624,12.765517354982471
Mallrat,Hideaway,Light hit my face like a straight right,69.67655096810144,52.19761011498728,67.32327952421406,15.12566940922678
Oracle Sisters,Divinations,Divinations,69.60140974009602,53.270174362568966,66.25630596448624,12.986131601917279
Oracle Sisters,Rodeo,Divinations,69.60140974009602,53.270174362568966,66.25630596448624,12.986131601917279
Oracle Sisters,Banshee,Divinations,69.60140974009602,53.270174362568966,66.25630596448624,12.986131601917279
Oracle Sisters,Talk Is Cheap,Divinations,69.60140974009602,53.270174362568966,66.25630596448624,12.986131601917279
Oracle Sisters,Moon On The Water,Divinations,69.60140974009602,53.270174362568966,66.25630596448624,12.986131601917279
Mereba,Counterfeit,The Breeze Grew a Fire,69.42642836829349,52.82524991629592,66.7672384301705,13.941988513874577
Mereba,Phone Me,The Breeze Grew a Fire,69.42642836829349,52.82524991629592,66.7672384301705,13.941988513874577
Mereba,White Doves,The Breeze Grew a Fire,69.42642836829349,52.82524991629592,66.7672384301705,13.941988513874577
Mereba,Starlight (my baby),The Breeze Grew a Fire,69.42642836829349,52.82524991629592,66.7672384301705,13.941988513874577
Mereba,Ever Needed,The Breeze Grew a Fire,69.35290431020029,52.40894355453848,66.7672384301705,14.358294875632012
Mereba,Hawk,The Breeze Grew a Fire,68.90527131159715,52.62318840579708,66.7672384301705,14.144050024373414
Mereba,Out of the Blue,The Breeze Grew a Fire,68.90527131159715,52.62318840579708,66.7672384301705,14.144050024373414
Mereba,Meteorite,The Breeze Grew a Fire,68.90527131159715,52.62318840579708,66.7672384301705,14.144050024373414
Mereba,breeze grew fire,The Breeze Grew a Fire,68.90527131159715,52.62318840579708,66.7672384301705,14.144050024373414
Ron Pope,Where You're Kept,"American Man, American Music",68.74555777900238,0.0,79.77536231884051,79.77536231884051
Mallrat,Defibrillator,Light hit my face like a straight right,68.71618787050463,53.270174362568966,66.25630596448624,12.986131601917279
Father John Misty,Chateau First Time,"I Love You, Honeybear Demos, etc.",68.39101796531094,54.52533659730719,87.70471464019842,33.17937804289123
Father John Misty,I Luv U Honeybear,"I Love You, Honeybear Demos, etc.",68.38551414304298,54.52533659730719,87.70471464019842,33.17937804289123
Father John Misty,True Affection,"I Love You, Honeybear Demos, etc.",68.34564360121833,54.44536888669759,87.70471464019842,33.25934575350083
Mallrat,The Worst Thing I Would Ever Do,Light hit my face like a straight right,68.22580722452764,53.270174362568966,66.25630596448624,12.986131601917279
Mallrat,The Light Streams In and Hits My Face,Light hit my face like a straight right,68.22580722452764,53.270174362568966,66.25630596448624,12.986131601917279
Mallrat,Ray of Light,Light hit my face like a straight right,68.02110963681211,52.62318840579708,66.25630596448624,13.633117558689165
Mallrat,Love Songs / Heart Strings,Light hit my face like a straight right,68.02110963681211,52.62318840579708,66.25630596448624,13.633117558689165
Father John Misty,Smiling Astride Me,"I Love You, Honeybear Demos, etc.",67.80462408755399,54.303860016277135,87.70471464019842,33.40085462392128
Father John Misty,Heart-Shaped Box - Sirius XM Session,"I Love You, Honeybear Demos, etc.",67.80462408755399,54.303860016277135,87.70471464019842,33.40085462392128
Father John Misty,Past Is a Nightmare I'm Trying to Wake Up From,"I Love You, Honeybear Demos, etc.",67.80462408755399,54.303860016277135,87.70471464019842,33.40085462392128
Father John Misty,Strange Encounter,"I Love You, Honeybear Demos, etc.",67.80462408755399,54.303860016277135,87.70471464019842,33.40085462392128
Mallrat,Horses,Light hit my face like a straight right,66.69913774350157,52.62318840579708,66.25630596448624,13.633117558689165
"Ron Pope,Taylor Bickett",I'm Not The Devil,"American Man, American Music",66.57737936836499,0.0,100.0,100.0
Ron Pope,Mama Drove A Mustang,"American Man, American Music",66.57737936836499,0.0,100.0,100.0
Ron Pope,Klonopin Zombies,"American Man, American Music",66.26748021738815,0.0,100.0,100.0
Ron Pope,I Gotta Change (Or I'm Gonna Die),"American Man, American Music",66.26748021738815,0.0,100.0,100.0
Ron Pope,In The Morning With The Coffee On,"American Man, American Music",66.26748021738815,0.0,100.0,100.0
Ron Pope,The Life In Your Years,"American Man, American Music",66.26748021738815,0.0,100.0,100.0
Ron Pope,Nobody's Gonna Make It Out Alive,"American Man, American Music",65.26593357627584,0.0,100.0,100.0
Ron Pope,"The Queen Of Fort Payne, Alabama","American Man, American Music",64.22175051541839,0.0,100.0,100.0
Ron Pope,I Pray I'll Be Seeing You Soon,"American Man, American Music",64.22175051541839,0.0,100.0,100.0
Winona Fighter,JUMPERCABLES,My Apologies To The Chef,62.43397983909773,-4.973799150320696e-15,82.49999999999999,82.49999999999999
"Black Milk,Fat Ray,Danny Brown",Just Say No,Food From the Gods,62.3211400472254,-7.105427357601002e-15,97.22222222222223,97.22222222222223
Winona Fighter,You Look Like A Drunk Phoebe Bridgers,My Apologies To The Chef,62.209793303417406,-4.973799150320696e-15,82.49999999999999,82.49999999999999
Winona Fighter,Subaru,My Apologies To The Chef,61.877050393748476,-4.973799150320696e-15,79.77536231884051,79.77536231884051
Winona Fighter,HAMMS IN A GLASS,My Apologies To The Chef,61.877050393748476,-4.973799150320696e-15,79.77536231884051,79.77536231884051
Winona Fighter,Swimmer's Ear,My Apologies To The Chef,61.877050393748476,-4.973799150320696e-15,79.77536231884051,79.77536231884051
Winona Fighter,R U FAMOUS,My Apologies To The Chef,61.68648870361831,-4.973799150320696e-15,79.77536231884051,79.77536231884051
Winona Fighter,I Think You Should Leave,My Apologies To The Chef,61.68648870361831,-4.973799150320696e-15,79.77536231884051,79.77536231884051
Winona Fighter,ATTENTION,My Apologies To The Chef,61.68648870361831,-4.973799150320696e-15,79.77536231884051,79.77536231884051
Winona Fighter,I'M IN THE MARKET TO PLEASE NO ONE,My Apologies To The Chef,61.65317240376987,-4.973799150320696e-15,82.49999999999999,82.49999999999999
"Black Milk,Fat Ray",ELDERBERRY,Food From the Gods,61.62635496921702,-7.105427357601002e-15,79.77536231884051,79.77536231884051
"Black Milk,Fat Ray",Talcum,Food From the Gods,61.62635496921702,-7.105427357601002e-15,79.77536231884051,79.77536231884051
"Black Milk,Fat Ray",From The Gods,Food From the Gods,61.43579327908686,-7.105427357601002e-15,79.77536231884051,79.77536231884051
"Black Milk,Fat Ray,Guilty Simpson",CANE,Food From the Gods,61.43579327908686,-7.105427357601002e-15,79.77536231884051,79.77536231884051
Winona Fighter,TALK,My Apologies To The Chef,61.110723753694685,-4.973799150320696e-15,96.15384615384616,96.15384615384616
Winona Fighter,Swear To God That I'm (FINE),My Apologies To The Chef,59.537195256632906,-4.973799150320696e-15,90.48214285714273,90.48214285714273
Winona Fighter,DON'T WALLOW,My Apologies To The Chef,59.537195256632906,-4.973799150320696e-15,90.48214285714273,90.48214285714273
Winona Fighter,Johnny’s Dead,My Apologies To The Chef,59.537195256632906,-4.973799150320696e-15,90.48214285714273,90.48214285714273
Winona Fighter,Wlbrn St Tvrn,My Apologies To The Chef,59.537195256632906,-4.973799150320696e-15,90.48214285714273,90.48214285714273
"Black Milk,Fat Ray",Gotta Know,Food From the Gods,59.44511923919798,-7.105427357601002e-15,95.43269230769228,95.43269230769229
"Black Milk,Fat Ray",Daily Bread,Food From the Gods,59.44511923919798,-7.105427357601002e-15,95.43269230769228,95.43269230769229
"Black Milk,Fat Ray",EL HONGO (The Mushroom),Food From the Gods,59.44511923919798,-7.105427357601002e-15,95.43269230769228,95.43269230769229
"Black Milk,Fat Ray",STASH,Food From the Gods,59.42381184450854,-7.105427357601002e-15,95.43269230769228,95.43269230769229
"Black Milk,Fat Ray,Bruiser Wolf",Franky Lymon,Food From the Gods,59.286499832101455,-7.105427357601002e-15,90.48214285714273,90.48214285714275
"Black Milk,Fat Ray",Double It,Food From the Gods,59.286499832101455,-7.105427357601002e-15,90.48214285714273,90.48214285714275
"John Glacier,Sampha",Ocean Steppin',Like A Ribbon,16.75077247619631,-2.984279490192421e-13,-7.815970093361102e-14,2.2026824808563106e-13
"Denison Witmer,Sufjan Stevens",Shade I'll Never See,Anything At All,15.681865692138693,-2.984279490192421e-13,-7.815970093361102e-14,2.2026824808563106e-13
John Glacier,Home,Like A Ribbon,15.566679000854514,-2.984279490192421e-13,-7.815970093361102e-14,2.2026824808563106e-13
John Glacier,Nevasure,Like A Ribbon,15.566679000854514,-2.984279490192421e-13,-7.815970093361102e-14,2.2026824808563106e-13
venturing,Halloween,Ghostholding,15.566679000854514,-2.984279490192421e-13,-7.815970093361102e-14,2.2026824808563106e-13
venturing,Sister,Ghostholding,15.566679000854514,-2.984279490192421e-13,-7.815970093361102e-14,2.2026824808563106e-13
"Cryogeyser,Wednesday",Mountain,Cryogeyser,13.73766326904299,-2.984279490192421e-13,-7.815970093361102e-14,2.2026824808563106e-13
"John Glacier,Eartheater",Money Shows,Like A Ribbon,13.565206527709982,-2.984279490192421e-13,-7.815970093361102e-14,2.2026824808563106e-13
John Glacier,Heavens Sent,Like A Ribbon,13.382909774780295,-2.984279490192421e-13,-7.815970093361102e-14,2.2026824808563106e-13
John Glacier,Dancing In The Rain,Like A Ribbon,13.382909774780295,-2.984279490192421e-13,-7.815970093361102e-14,2.2026824808563106e-13
John Glacier,Found,Like A Ribbon,13.086883544921896,-2.984279490192421e-13,-7.815970093361102e-14,2.2026824808563106e-13
John Glacier,Steady As I Am,Like A Ribbon,13.086883544921896,-2.984279490192421e-13,-7.815970093361102e-14,2.2026824808563106e-13
Thala,1st of the year,Avalanche,13.04755210876467,-2.984279490192421e-13,-7.815970093361102e-14,2.2026824808563106e-13
"Church Tongue,Deafheaven,George Clarke",You'll Know It Was Me (feat. George Clarke),You'll Know It Was Me,12.781921386718771,-2.984279490192421e-13,-7.815970093361102e-14,2.2026824808563106e-13
John Glacier,Emotions,Like A Ribbon,12.781921386718771,-2.984279490192421e-13,-7.815970093361102e-14,2.2026824808563106e-13
venturing,Famous girl,Ghostholding,12.781921386718771,-2.984279490192421e-13,-7.815970093361102e-14,2.2026824808563106e-13
Thomas Erak & The Ouroboros,Colic,(AU),12.630081176757834,-2.984279490192421e-13,-7.815970093361102e-14,2.2026824808563106e-13
Vulture Feather,Calling From Afar,It Will Be Like Now,12.630081176757834,-2.984279490192421e-13,-7.815970093361102e-14,2.2026824808563106e-13
Vulture Feather,Sweetest Friend,It Will Be Like Now,12.630081176757834,-2.984279490192421e-13,-7.815970093361102e-14,2.2026824808563106e-13
Thomas Erak & The Ouroboros,Fucking Up,(AU),12.630081176757834,-2.984279490192421e-13,-7.815970093361102e-14,2.2026824808563106e-13
Thala,spit you out,Avalanche,12.528989791870139,-2.984279490192421e-13,-7.815970093361102e-14,2.2026824808563106e-13
The War And Treaty,Love Like Whiskey,Plus One,12.52406692504885,-2.984279490192421e-13,-7.815970093361102e-14,2.2026824808563106e-13
Art d'Ecco,Shell Shock,Serene Demon,12.4464912414551,-2.984279490192421e-13,-7.815970093361102e-14,2.2026824808563106e-13
Art d'Ecco,A Change Of Scenery,Serene Demon,12.4464912414551,-2.984279490192421e-13,-7.815970093361102e-14,2.2026824808563106e-13
Thala,body to you,Avalanche,12.159200668334982,-2.984279490192421e-13,-7.815970093361102e-14,2.2026824808563106e-13
Thomas Erak & The Ouroboros,"You Got The Wrong One Today, Buddy...",(AU),11.859970092773459,-2.984279490192421e-13,-7.815970093361102e-14,2.2026824808563106e-13
Vulture Feather,Only/Holy Name,It Will Be Like Now,11.859970092773459,-2.984279490192421e-13,-7.815970093361102e-14,2.2026824808563106e-13
Thomas Erak & The Ouroboros,Triggered,(AU),11.859970092773459,-2.984279490192421e-13,-7.815970093361102e-14,2.2026824808563106e-13
Thomas Erak & The Ouroboros,Thousands Of Dead Satellites,(AU),11.859970092773459,-2.984279490192421e-13,-7.815970093361102e-14,2.2026824808563106e-13
Vulture Feather,Like Now,It Will Be Like Now,11.859970092773459,-2.984279490192421e-13,-7.815970093361102e-14,2.2026824808563106e-13
Thomas Erak & The Ouroboros,Wormhole,(AU),11.83949661254885,-2.984279490192421e-13,-7.815970093361102e-14,2.2026824808563106e-13
Vulture Feather,Let It Through,It Will Be Like Now,11.83949661254885,-2.984279490192421e-13,-7.815970093361102e-14,2.2026824808563106e-13
Thomas Erak & The Ouroboros,Dial Tone,(AU),11.83949661254885,-2.984279490192421e-13,-7.815970093361102e-14,2.2026824808563106e-13
Thala,don't want u to die,Avalanche,11.719621658325217,-2.984279490192421e-13,-7.815970093361102e-14,2.2026824808563106e-13
Thala,drive song,Avalanche,11.651166915893576,-2.984279490192421e-13,-7.815970093361102e-14,2.2026824808563106e-13
Thomas Erak & The Ouroboros,How High Is Your I.Q.?,(AU),11.629756927490256,-2.984279490192421e-13,-7.815970093361102e-14,2.2026824808563106e-13
Marinero,Taquero,La La La,11.461620330810568,-2.984279490192421e-13,-7.815970093361102e-14,2.2026824808563106e-13
Das Beat,Ohrwurm,Hopeless Romantik,11.446166992187521,-2.984279490192421e-13,-7.815970093361102e-14,2.2026824808563106e-13
Das Beat,Wrestling My Mind,Hopeless Romantik,11.446166992187521,-2.984279490192421e-13,-7.815970093361102e-14,2.2026824808563106e-13
Art d'Ecco,Honeycomb,Serene Demon,11.446166992187521,-2.984279490192421e-13,-7.815970093361102e-14,2.2026824808563106e-13
Art d'Ecco,Serene Demon,Serene Demon,11.446166992187521,-2.984279490192421e-13,-7.815970093361102e-14,2.2026824808563106e-13
Art d'Ecco,Meursault's Walk,Serene Demon,11.446166992187521,-2.984279490192421e-13,-7.815970093361102e-14,2.2026824808563106e-13
Vulture Feather,Into Space,It Will Be Like Now,11.196296691894553,-2.984279490192421e-13,-7.815970093361102e-14,2.2026824808563106e-13
"Thomas Erak & The Ouroboros,Mario Camarena",Figure It Out!,(AU),11.196296691894553,-2.984279490192421e-13,-7.815970093361102e-14,2.2026824808563106e-13
Vulture Feather,Flesh And Electronics,It Will Be Like Now,11.196296691894553,-2.984279490192421e-13,-7.815970093361102e-14,2.2026824808563106e-13
Thomas Erak & The Ouroboros,DCLXVI (666),(AU),11.196296691894553,-2.984279490192421e-13,-7.815970093361102e-14,2.2026824808563106e-13
Thomas Erak & The Ouroboros,A.D.D.T.M. (Attention Deficit Disorder of The Masses),(AU),11.196296691894553,-2.984279490192421e-13,-7.815970093361102e-14,2.2026824808563106e-13
Denison Witmer,Brother's Keeper,Anything At All,11.159688949584982,-2.984279490192421e-13,-7.815970093361102e-14,2.2026824808563106e-13
The Velveteers,Go Fly Away,A Million Knives,11.159688949584982,-2.984279490192421e-13,-7.815970093361102e-14,2.2026824808563106e-13
The Velveteers,Up Here,A Million Knives,11.159688949584982,-2.984279490192421e-13,-7.815970093361102e-14,2.2026824808563106e-13
The Velveteers,Heaven,A Million Knives,11.159688949584982,-2.984279490192421e-13,-7.815970093361102e-14,2.2026824808563106e-13
The War And Treaty,I Can't Let You Go,Plus One,11.159688949584982,-2.984279490192421e-13,-7.815970093361102e-14,2.2026824808563106e-13
The War And Treaty,Love Is On Fire,Plus One,11.159688949584982,-2.984279490192421e-13,-7.815970093361102e-14,2.2026824808563106e-13
Chatham Rabbits,One Little Orange,Be Real With Me,11.098819732666037,-2.984279490192421e-13,-7.815970093361102e-14,2.2026824808563106e-13
Chatham Rabbits,Facing 29,Be Real With Me,11.02193832397463,-2.984279490192421e-13,-7.815970093361102e-14,2.2026824808563106e-13
Art d'Ecco,The Traveller,Serene Demon,11.012706756591818,-2.984279490192421e-13,-7.815970093361102e-14,2.2026824808563106e-13
Thomas Erak & The Ouroboros,Conjugal Visits,(AU),10.99007797241213,-2.984279490192421e-13,-7.815970093361102e-14,2.2026824808563106e-13
Vulture Feather,Blood Knot,It Will Be Like Now,10.99007797241213,-2.984279490192421e-13,-7.815970093361102e-14,2.2026824808563106e-13
Thomas Erak & The Ouroboros,Unlawful Assembly,(AU),10.99007797241213,-2.984279490192421e-13,-7.815970093361102e-14,2.2026824808563106e-13
Chatham Rabbits,Collateral Damage,Be Real With Me,10.99007797241213,-2.984279490192421e-13,-7.815970093361102e-14,2.2026824808563106e-13
Chatham Rabbits,Pool Shark's Table,Be Real With Me,10.99007797241213,-2.984279490192421e-13,-7.815970093361102e-14,2.2026824808563106e-13
venturing,No sleep,Ghostholding,10.96465301513674,-2.984279490192421e-13,-7.815970093361102e-14,2.2026824808563106e-13
venturing,Believe,Ghostholding,10.96465301513674,-2.984279490192421e-13,-7.815970093361102e-14,2.2026824808563106e-13
venturing,Guesthouse,Ghostholding,10.96465301513674,-2.984279490192421e-13,-7.815970093361102e-14,2.2026824808563106e-13
venturing,Spider,Ghostholding,10.96465301513674,-2.984279490192421e-13,-7.815970093361102e-14,2.2026824808563106e-13
venturing,Recoil,Ghostholding,10.96465301513674,-2.984279490192421e-13,-7.815970093361102e-14,2.2026824808563106e-13
venturing,Something has to change,Ghostholding,10.96465301513674,-2.984279490192421e-13,-7.815970093361102e-14,2.2026824808563106e-13
venturing,Play my guitar,Ghostholding,10.96465301513674,-2.984279490192421e-13,-7.815970093361102e-14,2.2026824808563106e-13
"The War And Treaty,Billy Strings",Drink From Me,Plus One,10.96465301513674,-2.984279490192421e-13,-7.815970093361102e-14,2.2026824808563106e-13
Das Beat,Hopeless Romantik,Hopeless Romantik,10.915229797363303,-2.984279490192421e-13,-7.815970093361102e-14,2.2026824808563106e-13
Thala,sleep paralysis,Avalanche,10.906677246093771,-2.984279490192421e-13,-7.815970093361102e-14,2.2026824808563106e-13
Thala,sinner,Avalanche,10.906677246093771,-2.984279490192421e-13,-7.815970093361102e-14,2.2026824808563106e-13
Art d'Ecco,Survival Of The Fittest,Serene Demon,10.806488037109396,-2.984279490192421e-13,-7.815970093361102e-14,2.2026824808563106e-13
The War And Treaty,Home,Plus One,10.788995742797873,-2.984279490192421e-13,-7.815970093361102e-14,2.2026824808563106e-13
Customer Service,this is the best night of my life!,"to you, after 2000 years",10.788995742797873,-2.984279490192421e-13,-7.815970093361102e-14,2.2026824808563106e-13
Gary Louris,Getting Older,Dark Country,10.788995742797873,-2.984279490192421e-13,-7.815970093361102e-14,2.2026824808563106e-13
The Velveteers,Fix Me,A Million Knives,10.788995742797873,-2.984279490192421e-13,-7.815970093361102e-14,2.2026824808563106e-13
The War And Treaty,Mr. Fun,Plus One,10.788995742797873,-2.984279490192421e-13,-7.815970093361102e-14,2.2026824808563106e-13
The War And Treaty,Love Light,Plus One,10.788995742797873,-2.984279490192421e-13,-7.815970093361102e-14,2.2026824808563106e-13
Chatham Rabbits,Did I Really Know Him,Be Real With Me,10.73131561279299,-2.984279490192421e-13,-7.815970093361102e-14,2.2026824808563106e-13
Chatham Rabbits,Childhood Friends,Be Real With Me,10.73131561279299,-2.984279490192421e-13,-7.815970093361102e-14,2.2026824808563106e-13
Chatham Rabbits,Gas Money,Be Real With Me,10.73131561279299,-2.984279490192421e-13,-7.815970093361102e-14,2.2026824808563106e-13
Chatham Rabbits,"Big Fish, Small Pond",Be Real With Me,10.73131561279299,-2.984279490192421e-13,-7.815970093361102e-14,2.2026824808563106e-13
Kestrels,Sleepless,Better Wonder,10.691509246826193,-2.984279490192421e-13,-7.815970093361102e-14,2.2026824808563106e-13
Kestrels,Float Alone,Better Wonder,10.691509246826193,-2.984279490192421e-13,-7.815970093361102e-14,2.2026824808563106e-13
Marinero,The Mystery of Miss Mari Jane,La La La,10.691509246826193,-2.984279490192421e-13,-7.815970093361102e-14,2.2026824808563106e-13
Marinero,Cha Cha Cha,La La La,10.691509246826193,-2.984279490192421e-13,-7.815970093361102e-14,2.2026824808563106e-13
Marinero,Sea Changes,La La La,10.691509246826193,-2.984279490192421e-13,-7.815970093361102e-14,2.2026824808563106e-13
Marinero,Cinema Lover,La La La,10.691509246826193,-2.984279490192421e-13,-7.815970093361102e-14,2.2026824808563106e-13
Church Tongue,Heart of Darkness,You'll Know It Was Me,10.634595870971701,-2.984279490192421e-13,-7.815970093361102e-14,2.2026824808563106e-13
"Thala,Sfven",tongue-tied & starry-eyed,Avalanche,10.618774414062521,-2.984279490192421e-13,-7.815970093361102e-14,2.2026824808563106e-13
Thala,it's good,Avalanche,10.618774414062521,-2.984279490192421e-13,-7.815970093361102e-14,2.2026824808563106e-13
Thala,avalanche,Avalanche,10.618774414062521,-2.984279490192421e-13,-7.815970093361102e-14,2.2026824808563106e-13
Gary Louris,Helping Hand,Dark Country,10.559371948242209,-2.984279490192421e-13,-7.815970093361102e-14,2.2026824808563106e-13
Gary Louris,Listening to Bobby Charles,Dark Country,10.559371948242209,-2.984279490192421e-13,-7.815970093361102e-14,2.2026824808563106e-13
RAVEN,GNOSIS THEME,GNOSIS,10.559371948242209,-2.984279490192421e-13,-7.815970093361102e-14,2.2026824808563106e-13
Marshall Allen,Sonny's Dance,New Dawn,10.559371948242209,-2.984279490192421e-13,-7.815970093361102e-14,2.2026824808563106e-13
Marinero,Dream Suite,La La La,10.559371948242209,-2.984279490192421e-13,-7.815970093361102e-14,2.2026824808563106e-13
Customer Service,and it feels,"to you, after 2000 years",10.559371948242209,-2.984279490192421e-13,-7.815970093361102e-14,2.2026824808563106e-13
Marshall Allen,Are You Ready,New Dawn,10.559371948242209,-2.984279490192421e-13,-7.815970093361102e-14,2.2026824808563106e-13
Marshall Allen,Boma,New Dawn,10.559371948242209,-2.984279490192421e-13,-7.815970093361102e-14,2.2026824808563106e-13
Marinero,La La La,La La La,10.559371948242209,-2.984279490192421e-13,-7.815970093361102e-14,2.2026824808563106e-13
Art d'Ecco,Tree Of Life,Serene Demon,10.550474166870139,-2.984279490192421e-13,-7.815970093361102e-14,2.2026824808563106e-13
Art d'Ecco,True Believer,Serene Demon,10.547725677490256,-2.984279490192421e-13,-7.815970093361102e-14,2.2026824808563106e-13
Art d'Ecco,Cooler Than This,Serene Demon,10.547725677490256,-2.984279490192421e-13,-7.815970093361102e-14,2.2026824808563106e-13
Das Beat,Endstation Liebe,Hopeless Romantik,10.547725677490256,-2.984279490192421e-13,-7.815970093361102e-14,2.2026824808563106e-13
Gary Louris,By Your Side,Dark Country,10.501123428344748,-2.984279490192421e-13,-7.815970093361102e-14,2.2026824808563106e-13
Marshall Allen,African Sunset,New Dawn,10.501123428344748,-2.984279490192421e-13,-7.815970093361102e-14,2.2026824808563106e-13
Marshall Allen,Prologue,New Dawn,10.498374938964865,-2.984279490192421e-13,-7.815970093361102e-14,2.2026824808563106e-13
Gary Louris,Two Birds,Dark Country,10.498374938964865,-2.984279490192421e-13,-7.815970093361102e-14,2.2026824808563106e-13
Gary Louris,Blow 'em Away,Dark Country,10.498374938964865,-2.984279490192421e-13,-7.815970093361102e-14,2.2026824808563106e-13
Gary Louris,Living On My Phone,Dark Country,10.498374938964865,-2.984279490192421e-13,-7.815970093361102e-14,2.2026824808563106e-13
John Glacier,Satellites,Like A Ribbon,10.4789619445801,-2.984279490192421e-13,-7.815970093361102e-14,2.2026824808563106e-13
venturing,Dead forever,Ghostholding,10.4789619445801,-2.984279490192421e-13,-7.815970093361102e-14,2.2026824808563106e-13
venturing,We don't exist,Ghostholding,10.4789619445801,-2.984279490192421e-13,-7.815970093361102e-14,2.2026824808563106e-13
John Glacier,Don't Cover Me,Like A Ribbon,10.4789619445801,-2.984279490192421e-13,-7.815970093361102e-14,2.2026824808563106e-13
The Velveteers,Take It From The Top,A Million Knives,10.4789619445801,-2.984279490192421e-13,-7.815970093361102e-14,2.2026824808563106e-13
venturing,Sick / relapse,Ghostholding,10.4789619445801,-2.984279490192421e-13,-7.815970093361102e-14,2.2026824808563106e-13
"Kestrels,Weird Nightmare",Lilys,Better Wonder,10.46129608154299,-2.984279490192421e-13,-7.815970093361102e-14,2.2026824808563106e-13
"Church Tongue,Initiate,Crystal Pak",The Fury of Love (feat. Crystal Pak),You'll Know It Was Me,10.450147628784201,-2.984279490192421e-13,-7.815970093361102e-14,2.2026824808563106e-13
Cryogeyser,Sorry,Cryogeyser,10.450147628784201,-2.984279490192421e-13,-7.815970093361102e-14,2.2026824808563106e-13
The War And Treaty,Skyscraper,Plus One,10.450147628784201,-2.984279490192421e-13,-7.815970093361102e-14,2.2026824808563106e-13
The War And Treaty,Can I Get An Amen,Plus One,10.450147628784201,-2.984279490192421e-13,-7.815970093361102e-14,2.2026824808563106e-13
Denison Witmer,A House With,Anything At All,10.369174957275412,-2.984279490192421e-13,-7.815970093361102e-14,2.2026824808563106e-13
"Church Tongue,Twitching Tongues,Colin Young",When It Betrays (feat. Colin Young),You'll Know It Was Me,10.369174957275412,-2.984279490192421e-13,-7.815970093361102e-14,2.2026824808563106e-13
Denison Witmer,Older and Free,Anything At All,10.369174957275412,-2.984279490192421e-13,-7.815970093361102e-14,2.2026824808563106e-13
Church Tongue,One Hand Wrapped Around the Sun,You'll Know It Was Me,10.369174957275412,-2.984279490192421e-13,-7.815970093361102e-14,2.2026824808563106e-13
Cryogeyser,Stargirl,Cryogeyser,10.369174957275412,-2.984279490192421e-13,-7.815970093361102e-14,2.2026824808563106e-13
Cryogeyser,Livia,Cryogeyser,10.369174957275412,-2.984279490192421e-13,-7.815970093361102e-14,2.2026824808563106e-13
The Velveteers,All These Little Things,A Million Knives,10.369174957275412,-2.984279490192421e-13,-7.815970093361102e-14,2.2026824808563106e-13
Kestrels,A Thousand Bare Diamonds,Better Wonder,10.315752029418967,-2.984279490192421e-13,-7.815970093361102e-14,2.2026824808563106e-13
Marinero,"Die Again, Yesterday",La La La,10.315752029418967,-2.984279490192421e-13,-7.815970093361102e-14,2.2026824808563106e-13
Kestrels,Free Forever,Better Wonder,10.315752029418967,-2.984279490192421e-13,-7.815970093361102e-14,2.2026824808563106e-13
Kestrels,It Would,Better Wonder,10.315752029418967,-2.984279490192421e-13,-7.815970093361102e-14,2.2026824808563106e-13
Marinero,Hollywood Ten,La La La,10.315752029418967,-2.984279490192421e-13,-7.815970093361102e-14,2.2026824808563106e-13
Customer Service,bury me on vernon street,"to you, after 2000 years",10.300609588623068,-2.984279490192421e-13,-7.815970093361102e-14,2.2026824808563106e-13
"Marshall Allen,Neneh Cherry",New Dawn,New Dawn,10.300609588623068,-2.984279490192421e-13,-7.815970093361102e-14,2.2026824808563106e-13
Gary Louris,Better to Walk Than To Run,Dark Country,10.300609588623068,-2.984279490192421e-13,-7.815970093361102e-14,2.2026824808563106e-13
Gary Louris,Redefining Love,Dark Country,10.300609588623068,-2.984279490192421e-13,-7.815970093361102e-14,2.2026824808563106e-13
Chatham Rabbits,Matador,Be Real With Me,10.143644332885764,-2.984279490192421e-13,-7.815970093361102e-14,2.2026824808563106e-13
Marinero,Cruz,La La La,10.104249954223654,-2.984279490192421e-13,-7.815970093361102e-14,2.2026824808563106e-13
Kestrels,Dream of You in Black,Better Wonder,10.104249954223654,-2.984279490192421e-13,-7.815970093361102e-14,2.2026824808563106e-13
Gary Louris,Perfect Day,Dark Country,10.104249954223654,-2.984279490192421e-13,-7.815970093361102e-14,2.2026824808563106e-13
Gary Louris,Couldn't Live a Day Without You,Dark Country,9.910701751709006,-2.984279490192421e-13,-7.815970093361102e-14,2.2026824808563106e-13
The War And Treaty,The Glorious Ones,Plus One,9.910701751709006,-2.984279490192421e-13,-7.815970093361102e-14,2.2026824808563106e-13
The War And Treaty,Tunnel Vision,Plus One,9.910701751709006,-2.984279490192421e-13,-7.815970093361102e-14,2.2026824808563106e-13
Gary Louris,Dead Porcupine,Dark Country,9.910701751709006,-2.984279490192421e-13,-7.815970093361102e-14,2.2026824808563106e-13
The War And Treaty,Save Me,Plus One,9.688636779785178,-2.984279490192421e-13,-7.815970093361102e-14,2.2026824808563106e-13
Cryogeyser,One,Cryogeyser,9.688636779785178,-2.984279490192421e-13,-7.815970093361102e-14,2.2026824808563106e-13
Cryogeyser,Love Language,Cryogeyser,9.688636779785178,-2.984279490192421e-13,-7.815970093361102e-14,2.2026824808563106e-13
The War And Treaty,Carried Away,Plus One,9.688636779785178,-2.984279490192421e-13,-7.815970093361102e-14,2.2026824808563106e-13
The War And Treaty,Reminisce,Plus One,9.688636779785178,-2.984279490192421e-13,-7.815970093361102e-14,2.2026824808563106e-13
The Velveteers,A Million Knives,A Million Knives,9.688636779785178,-2.984279490192421e-13,-7.815970093361102e-14,2.2026824808563106e-13
"Last Days of Heaven,Jasper Byrne",Nothing Left to Torture,Out of Body,9.590023040771506,-2.984279490192421e-13,-7.815970093361102e-14,2.2026824808563106e-13
Marinero,Lost Angel,La La La,9.590023040771506,-2.984279490192421e-13,-7.815970093361102e-14,2.2026824808563106e-13
The War And Treaty,Called You By Your Name,Plus One,9.529197692871115,-2.984279490192421e-13,-7.815970093361102e-14,2.2026824808563106e-13
The Velveteers,Suck The Cherry,A Million Knives,9.529197692871115,-2.984279490192421e-13,-7.815970093361102e-14,2.2026824808563106e-13
The War And Treaty,Stealing A Kiss,Plus One,9.529197692871115,-2.984279490192421e-13,-7.815970093361102e-14,2.2026824808563106e-13
The War And Treaty,Teardrops In The Rain,Plus One,9.392181396484396,-2.984279490192421e-13,-7.815970093361102e-14,2.2026824808563106e-13
Church Tongue,Bury Me (One Thousand Times),You'll Know It Was Me,9.392181396484396,-2.984279490192421e-13,-7.815970093361102e-14,2.2026824808563106e-13
Denison Witmer,Making Love,Anything At All,9.392181396484396,-2.984279490192421e-13,-7.815970093361102e-14,2.2026824808563106e-13
Cryogeyser,timetetheredforever,Cryogeyser,9.392181396484396,-2.984279490192421e-13,-7.815970093361102e-14,2.2026824808563106e-13
Cryogeyser,Blue Light,Cryogeyser,9.392181396484396,-2.984279490192421e-13,-7.815970093361102e-14,2.2026824808563106e-13
Denison Witmer,Clockmaker,Anything At All,9.392181396484396,-2.984279490192421e-13,-7.815970093361102e-14,2.2026824808563106e-13
Denison Witmer,Confessions,Anything At All,9.392181396484396,-2.984279490192421e-13,-7.815970093361102e-14,2.2026824808563106e-13
The Velveteers,See Your Face,A Million Knives,9.392181396484396,-2.984279490192421e-13,-7.815970093361102e-14,2.2026824808563106e-13
RAVEN,INFINITE EDITION,GNOSIS,9.256759643554709,-2.984279490192421e-13,-7.815970093361102e-14,2.2026824808563106e-13
RAVEN,UNLIMITED EDITION,GNOSIS,9.256759643554709,-2.984279490192421e-13,-7.815970093361102e-14,2.2026824808563106e-13
Geoffrey O'Connor,I Love What We Do,I Love What We Do,9.256759643554709,-2.984279490192421e-13,-7.815970093361102e-14,2.2026824808563106e-13
RAVEN,IN LOVING MEMORY,GNOSIS,9.256759643554709,-2.984279490192421e-13,-7.815970093361102e-14,2.2026824808563106e-13
RAVEN,INFINITE RED ROSES,GNOSIS,9.256759643554709,-2.984279490192421e-13,-7.815970093361102e-14,2.2026824808563106e-13
The War And Treaty,Leads Me Home,Plus One,9.227685928344748,-2.984279490192421e-13,-7.815970093361102e-14,2.2026824808563106e-13
The Velveteers,Moonchild,A Million Knives,9.227685928344748,-2.984279490192421e-13,-7.815970093361102e-14,2.2026824808563106e-13
The Velveteers,Sweet Little Hearts,A Million Knives,9.227685928344748,-2.984279490192421e-13,-7.815970093361102e-14,2.2026824808563106e-13
The Velveteers,On And On,A Million Knives,9.227685928344748,-2.984279490192421e-13,-7.815970093361102e-14,2.2026824808563106e-13
Cryogeyser,Blew It,Cryogeyser,9.227685928344748,-2.984279490192421e-13,-7.815970093361102e-14,2.2026824808563106e-13
Cryogeyser,Cupid,Cryogeyser,9.227685928344748,-2.984279490192421e-13,-7.815970093361102e-14,2.2026824808563106e-13
Cryogeyser,Fortress,Cryogeyser,9.227685928344748,-2.984279490192421e-13,-7.815970093361102e-14,2.2026824808563106e-13
The Velveteers,Bound In Leather,A Million Knives,9.227685928344748,-2.984279490192421e-13,-7.815970093361102e-14,2.2026824808563106e-13
Marshall Allen,Angels and Demons at Play,New Dawn,9.227685928344748,-2.984279490192421e-13,-7.815970093361102e-14,2.2026824808563106e-13
Denison Witmer,Slow Motion Snow,Anything At All,9.227685928344748,-2.984279490192421e-13,-7.815970093361102e-14,2.2026824808563106e-13
Denison Witmer,Lost in My Head,Anything At All,9.227685928344748,-2.984279490192421e-13,-7.815970093361102e-14,2.2026824808563106e-13
"Denison Witmer,Sufjan Stevens",Focus Ring,Anything At All,9.22329902648928,-2.984279490192421e-13,-7.815970093361102e-14,2.2026824808563106e-13
RAVEN,FINAL FADE SYNC,GNOSIS,9.15097236633303,-2.984279490192421e-13,-7.815970093361102e-14,2.2026824808563106e-13
Geoffrey O'Connor,With You I Have Time,I Love What We Do,9.15097236633303,-2.984279490192421e-13,-7.815970093361102e-14,2.2026824808563106e-13
Geoffrey O'Connor,Thank God I'm Not Good,I Love What We Do,9.15097236633303,-2.984279490192421e-13,-7.815970093361102e-14,2.2026824808563106e-13
Geoffrey O'Connor,Late To Love,I Love What We Do,9.15097236633303,-2.984279490192421e-13,-7.815970093361102e-14,2.2026824808563106e-13
Geoffrey O'Connor,Love Takes What It Takes,I Love What We Do,9.15097236633303,-2.984279490192421e-13,-7.815970093361102e-14,2.2026824808563106e-13
Geoffrey O'Connor,I'm So Lonely I Could Fall In Love,I Love What We Do,9.15097236633303,-2.984279490192421e-13,-7.815970093361102e-14,2.2026824808563106e-13
Geoffrey O'Connor,Amuse You,I Love What We Do,9.15097236633303,-2.984279490192421e-13,-7.815970093361102e-14,2.2026824808563106e-13
Geoffrey O'Connor,Let's Make Love Feel Good Again,I Love What We Do,9.15097236633303,-2.984279490192421e-13,-7.815970093361102e-14,2.2026824808563106e-13
"Geoffrey O'Connor,Sarah Mary Chadwick",It's Nice To Think,I Love What We Do,9.15097236633303,-2.984279490192421e-13,-7.815970093361102e-14,2.2026824808563106e-13
Geoffrey O'Connor,I Don't Want To Be Loved,I Love What We Do,9.15097236633303,-2.984279490192421e-13,-7.815970093361102e-14,2.2026824808563106e-13
RAVEN,JUPITER,GNOSIS,9.136976242065451,-2.984279490192421e-13,-7.815970093361102e-14,2.2026824808563106e-13
RAVEN,ENDLESS EDITION,GNOSIS,9.136976242065451,-2.984279490192421e-13,-7.815970093361102e-14,2.2026824808563106e-13
Kestrels,Sunflower,Better Wonder,9.136976242065451,-2.984279490192421e-13,-7.815970093361102e-14,2.2026824808563106e-13
Kestrels,Nightlife,Better Wonder,9.136976242065451,-2.984279490192421e-13,-7.815970093361102e-14,2.2026824808563106e-13
Kestrels,Interstellar,Better Wonder,9.136976242065451,-2.984279490192421e-13,-7.815970093361102e-14,2.2026824808563106e-13
Kestrels,Nausicaa,Better Wonder,9.136976242065451,-2.984279490192421e-13,-7.815970093361102e-14,2.2026824808563106e-13
Kestrels,Total Bummer,Better Wonder,9.136976242065451,-2.984279490192421e-13,-7.815970093361102e-14,2.2026824808563106e-13
Marinero,Pocha Pachanga,La La La,9.136976242065451,-2.984279490192421e-13,-7.815970093361102e-14,2.2026824808563106e-13
